"Id","Position","First Name","Nickname","Last Name","FPPG","Played","Salary","Game","Team","Opponent","Injury Indicator","Injury Details","Tier","Probable Pitcher","Batting Order"
"35186-16956","P","Gerrit","Gerrit Cole","Cole","43.42857142857143","7","11500","KAN@HOU","HOU","KAN","","","","Yes",""
"35186-5202","P","Justin","Justin Verlander","Verlander","42.125","8","11400","KAN@HOU","HOU","KAN","","","","",""
"35186-5427","P","Clayton","Clayton Kershaw","Kershaw","39.25","4","11300","ATL@LOS","LOS","ATL","","","","",""
"35186-52859","P","Jacob","Jacob deGrom","deGrom","38","6","11100","NYM@SDP","NYM","SDP","","","","Yes",""
"35186-10978","P","Stephen","Stephen Strasburg","Strasburg","41","7","10900","WAS@MIL","WAS","MIL","","","","",""
"35186-5481","P","Max","Max Scherzer","Scherzer","35.5","8","10500","WAS@MIL","WAS","MIL","","","","Yes",""
"35186-52183","P","Tyler","Tyler Glasnow","Glasnow","43.142857142857146","7","10500","ARI@TAM","TAM","ARI","","","","","0"
"35186-60639","P","Jose","Jose Berrios","Berrios","40.857142857142854","7","10300","MIN@TOR","MIN","TOR","","","","","0"
"35186-37014","P","Hyun-Jin","Hyun-Jin Ryu","Ryu","32.42857142857143","7","10000","ATL@LOS","LOS","ATL","","","","",""
"35186-12477","P","Chris","Chris Sale","Sale","27","7","9900","BOS@BAL","BOS","BAL","","","","","0"
"35186-79073","P","Mike","Mike Soroka","Soroka","42.25","4","9900","ATL@LOS","ATL","LOS","","","","",""
"35186-68488","P","Blake","Blake Snell","Snell","32.666666666666664","6","9900","ARI@TAM","TAM","ARI","","","","Yes",""
"35186-5784","P","David","David Price","Price","34.5","6","9800","BOS@BAL","BOS","BAL","IL","Elbow","","","0"
"35186-5466","P","Charlie","Charlie Morton","Morton","37","7","9400","ARI@TAM","TAM","ARI","","","","","0"
"35186-5983","P","Rich","Rich Hill","Hill","24.5","2","9400","ATL@LOS","LOS","ATL","","","","",""
"35186-12306","P","Jake","Jake Arrieta","Arrieta","34.714285714285715","7","9200","PHI@STL","PHI","STL","","","","",""
"35186-81051","P","Caleb","Caleb Smith","Smith","36.714285714285715","7","9200","MIA@CHC","MIA","CHC","","","","",""
"35186-79224","P","Chris","Chris Paddack","Paddack","34.5","6","9200","NYM@SDP","SDP","NYM","","","","Yes",""
"35186-38272","P","Mike","Mike Foltynewicz","Foltynewicz","19","2","9200","ATL@LOS","ATL","LOS","","","","",""
"35186-60647","P","Aaron","Aaron Nola","Nola","26.142857142857142","7","9100","PHI@STL","PHI","STL","","","","",""
"35186-13664","P","Patrick","Patrick Corbin","Corbin","37.57142857142857","7","9100","WAS@MIL","WAS","MIL","","","","",""
"35186-23834","P","Collin","Collin McHugh","McHugh","28.285714285714285","7","9000","KAN@HOU","HOU","KAN","","","","",""
"35186-79246","P","Jack","Jack Flaherty","Flaherty","27.5","8","9000","PHI@STL","STL","PHI","","","","",""
"35186-5525","P","Cole","Cole Hamels","Hamels","35.333333333333336","6","9000","MIA@CHC","CHC","MIA","","","","Yes",""
"35186-52172","P","Noah","Noah Syndergaard","Syndergaard","32","7","9000","NYM@SDP","NYM","SDP","","","","",""
"35186-5522","P","Zack","Zack Greinke","Greinke","37.625","8","8900","ARI@TAM","ARI","TAM","","","","","0"
"35186-38311","P","Ross","Ross Stripling","Stripling","22","9","8900","ATL@LOS","LOS","ATL","","","","",""
"35186-37999","P","Michael","Michael Wacha","Wacha","26.5","6","8800","PHI@STL","STL","PHI","","","","",""
"35186-38164","P","Jimmy","Jimmy Nelson","Nelson","0","0","8700","WAS@MIL","MIL","WAS","IL","Shoulder","","","0"
"35186-79168","P","Walker","Walker Buehler","Buehler","21.833333333333332","6","8700","ATL@LOS","LOS","ATL","","","","Yes",""
"35186-39127","P","Jerad","Jerad Eickhoff","Eickhoff","35.5","4","8600","PHI@STL","PHI","STL","","","","",""
"35186-68452","P","Kenta","Kenta Maeda","Maeda","26.285714285714285","7","8600","ATL@LOS","LOS","ATL","","","","",""
"35186-52185","P","Max","Max Fried","Fried","23.1","10","8600","ATL@LOS","ATL","LOS","","","","",""
"35186-12918","P","Julio","Julio Teheran","Teheran","29.125","8","8500","ATL@LOS","ATL","LOS","","","","",""
"35186-52142","P","Eduardo","Eduardo Rodriguez","Rodriguez","28.142857142857142","7","8500","BOS@BAL","BOS","BAL","","","","","0"
"35186-21099","P","Jose","Jose Quintana","Quintana","33.42857142857143","7","8400","MIA@CHC","CHC","MIA","","","","","0"
"35186-60627","P","Touki","Touki Toussaint","Toussaint","22.333333333333332","3","8300","ATL@LOS","ATL","LOS","","","","",""
"35186-16960","P","Zack","Zack Wheeler","Wheeler","33","7","8300","NYM@SDP","NYM","SDP","","","","",""
"35186-39041","P","Marcus","Marcus Stroman","Stroman","33.142857142857146","7","8200","MIN@TOR","TOR","MIN","","","","Yes",""
"35186-16931","P","Yu","Yu Darvish","Darvish","23.142857142857142","7","8200","MIA@CHC","CHC","MIA","","","","","0"
"35186-38000","P","Kevin","Kevin Gausman","Gausman","26.666666666666668","6","8100","ATL@LOS","ATL","LOS","","","","Yes",""
"35186-17116","P","Jake","Jake Odorizzi","Odorizzi","32","7","8000","MIN@TOR","MIN","TOR","","","","","0"
"35186-12936","P","Kyle","Kyle Gibson","Gibson","25.666666666666668","6","7900","MIN@TOR","MIN","TOR","","","","","0"
"35186-53398","P","Kyle","Kyle Hendricks","Hendricks","26.5","6","7800","MIA@CHC","CHC","MIA","","","","","0"
"35186-79072","P","Brad","Brad Keller","Keller","26.875","8","7800","KAN@HOU","KAN","HOU","","","","","0"
"35186-101881","P","Merrill","Merrill Kelly","Kelly","30","6","7700","ARI@TAM","ARI","TAM","","","","Yes",""
"35186-72265","P","Matt","Matt Strahm","Strahm","27.333333333333332","6","7700","NYM@SDP","SDP","NYM","","","","",""
"35186-82636","P","Joey","Joey Lucchesi","Lucchesi","24.857142857142858","7","7700","NYM@SDP","SDP","NYM","","","","",""
"35186-52174","P","Steven","Steven Matz","Matz","23.25","8","7700","NYM@SDP","NYM","SDP","DTD","Forearm","","",""
"35186-5431","P","Adam","Adam Wainwright","Wainwright","24.714285714285715","7","7600","PHI@STL","STL","PHI","","","","",""
"35186-62872","P","Vince","Vince Velasquez","Velasquez","25.333333333333332","6","7600","PHI@STL","PHI","STL","","","","Yes",""
"35186-68482","P","Zach","Zach Eflin","Eflin","31","7","7600","PHI@STL","PHI","STL","","","","",""
"35186-82840","P","Yonny","Yonny Chirinos","Chirinos","27.571428571428573","7","7600","ARI@TAM","TAM","ARI","","","","","0"
"35186-11328","P","Martin","Martin Perez","Perez","27.142857142857142","7","7500","MIN@TOR","MIN","TOR","","","","Yes",""
"35186-79275","P","Sean","Sean Reid-Foley","Reid-Foley","6","1","7500","MIN@TOR","TOR","MIN","","","","","0"
"35186-17164","P","Matt","Matt Shoemaker","Shoemaker","34.6","5","7500","MIN@TOR","TOR","MIN","IL","Knee","","","0"
"35186-15234","P","Brad","Brad Peacock","Peacock","19.428571428571427","7","7500","KAN@HOU","HOU","KAN","","","","",""
"35186-82935","P","Trevor","Trevor Richards","Richards","25.571428571428573","7","7500","MIA@CHC","MIA","CHC","","","","",""
"35186-5369","P","Jon","Jon Lester","Lester","28","6","7400","MIA@CHC","CHC","MIA","","","","","0"
"35186-5659","P","Rick","Rick Porcello","Porcello","25.285714285714285","7","7400","BOS@BAL","BOS","BAL","","","","","0"
"35186-80582","P","Brandon","Brandon Woodruff","Woodruff","23.444444444444443","9","7400","WAS@MIL","MIL","WAS","","","","","0"
"35186-52166","P","Julio","Julio Urias","Urias","21.285714285714285","7","7400","ATL@LOS","LOS","ATL","","","","",""
"35186-5796","P","Clayton","Clayton Richard","Richard","21.714285714285715","28","7300","MIN@TOR","TOR","MIN","IL","Knee","","","0"
"35186-82653","P","Ryan","Ryan Borucki","Borucki","25.647058823529413","17","7300","MIN@TOR","TOR","MIN","IL","Elbow","","","0"
"35186-66765","P","Jorge","Jorge Lopez","Lopez","24.571428571428573","7","7200","KAN@HOU","KAN","HOU","","","","","0"
"35186-60637","P","Sean","Sean Newcomb","Newcomb","12.666666666666666","3","7200","ATL@LOS","ATL","LOS","","","","",""
"35186-17121","P","Miles","Miles Mikolas","Mikolas","22.285714285714285","7","7200","PHI@STL","STL","PHI","","","","Yes",""
"35186-52194","P","Aaron","Aaron Sanchez","Sanchez","25.428571428571427","7","7200","MIN@TOR","TOR","MIN","","","","","0"
"35186-6151","P","Anibal","Anibal Sanchez","Sanchez","22.714285714285715","7","7100","WAS@MIL","WAS","MIL","","","","",""
"35186-83152","P","Pablo","Pablo Lopez","Lopez","25","8","7100","MIA@CHC","MIA","CHC","","","","",""
"35186-53608","P","Jose","Jose Urena","Urena","19","8","7100","MIA@CHC","MIA","CHC","","","","",""
"35186-39686","P","Carlos","Carlos Martinez","Martinez","19.647058823529413","34","7100","PHI@STL","STL","PHI","IL","Shoulder","","",""
"35186-53029","P","Robbie","Robbie Ray","Ray","30.571428571428573","7","7000","ARI@TAM","ARI","TAM","","","","","0"
"35186-68561","P","Luke","Luke Weaver","Weaver","29.375","8","7000","ARI@TAM","ARI","TAM","","","","","0"
"35186-97300","P","John","John Means","Means","18.25","8","6900","BOS@BAL","BAL","BOS","","","","Yes",""
"35186-73301","P","Brent","Brent Suter","Suter","22","21","6900","WAS@MIL","MIL","WAS","IL","Elbow","","","0"
"35186-5790","P","Homer","Homer Bailey","Bailey","25.285714285714285","7","6900","KAN@HOU","KAN","HOU","","","","","0"
"35186-12269","P","Andrew","Andrew Cashner","Cashner","24","7","6900","BOS@BAL","BAL","BOS","","","","","0"
"35186-79951","P","Nick","Nick Pivetta","Pivetta","16","4","6800","PHI@STL","PHI","STL","","","","",""
"35186-85599","P","Framber","Framber Valdez","Valdez","9.714285714285714","7","6800","KAN@HOU","HOU","KAN","","","","",""
"35186-12972","P","Wade","Wade Miley","Miley","24.714285714285715","7","6800","KAN@HOU","HOU","KAN","","","","",""
"35186-63827","P","Zack","Zack Godley","Godley","16.5","6","6700","ARI@TAM","ARI","TAM","","","","","0"
"35186-79226","P","Eric","Eric Lauer","Lauer","25.285714285714285","7","6700","NYM@SDP","SDP","NYM","","","","",""
"35186-103218","P","Nick","Nick Margevicius","Margevicius","23","7","6700","NYM@SDP","SDP","NYM","","","","",""
"35186-85531","P","Josh","Josh James","James","6.416666666666667","12","6600","KAN@HOU","HOU","KAN","","","","",""
"35186-5197","P","Clay","Clay Buchholz","Buchholz","12","5","6500","MIN@TOR","TOR","MIN","","","","","0"
"35186-79191","P","Fernando","Fernando Romero","Romero","4.5","6","6500","MIN@TOR","MIN","TOR","","","","","0"
"35186-12864","P","Michael","Michael Pineda","Pineda","19.857142857142858","7","6500","MIN@TOR","MIN","TOR","","","","","0"
"35186-5885","P","Jhoulys","Jhoulys Chacin","Chacin","21","7","6500","WAS@MIL","MIL","WAS","","","","Yes",""
"35186-65988","P","Zach","Zach Davies","Davies","26.25","8","6400","WAS@MIL","MIL","WAS","","","","","0"
"35186-16922","P","Wei-Yin","Wei-Yin Chen","Chen","3.375","8","6400","MIA@CHC","MIA","CHC","","","","",""
"35186-5320","P","Gio","Gio Gonzalez","Gonzalez","24.5","2","6300","WAS@MIL","MIL","WAS","","","","","0"
"35186-79147","P","Jakob","Jakob Junis","Junis","25.428571428571427","7","6300","KAN@HOU","KAN","HOU","","","","Yes",""
"35186-12934","P","Tyler","Tyler Chatwood","Chatwood","8.875","8","6300","MIA@CHC","CHC","MIA","","","","","0"
"35186-13233","P","Nathan","Nathan Eovaldi","Eovaldi","18.25","4","6300","BOS@BAL","BOS","BAL","IL","Elbow","","","0"
"35186-13268","P","Danny","Danny Duffy","Duffy","23","2","6300","KAN@HOU","KAN","HOU","","","","","0"
"35186-83190","P","Freddy","Freddy Peralta","Peralta","18","5","6200","WAS@MIL","MIL","WAS","","","","","0"
"35186-16957","P","Dylan","Dylan Bundy","Bundy","24.571428571428573","7","6200","BOS@BAL","BAL","BOS","","","","","0"
"35186-82535","P","Kyle","Kyle Wright","Wright","15.333333333333334","3","6200","ATL@LOS","ATL","LOS","","","","",""
"35186-82604","P","Corbin","Corbin Burnes","Burnes","13","6","6200","WAS@MIL","MIL","WAS","","","","","0"
"35186-68528","P","Chase","Chase De Jong","De Jong","-9","1","6200","MIN@TOR","MIN","TOR","","","","","0"
"35186-101855","P","Trent","Trent Thornton","Thornton","25.142857142857142","7","6100","MIN@TOR","TOR","MIN","","","","","0"
"35186-38161","P","Chase","Chase Anderson","Anderson","16.571428571428573","7","6000","WAS@MIL","MIL","WAS","IL","Finger","","","0"
"35186-79254","P","Dakota","Dakota Hudson","Hudson","19.428571428571427","7","6000","PHI@STL","STL","PHI","","","","",""
"35186-101836","P","Pedro","Pedro Avila","Avila","28","1","6000","NYM@SDP","SDP","NYM","DTD","Elbow","","",""
"35186-10968","P","Jeremy","Jeremy Hellickson","Hellickson","19.166666666666668","6","6000","WAS@MIL","WAS","MIL","","","","",""
"35186-79066","P","Anthony","Anthony Banda","Banda","20.666666666666668","3","5900","ARI@TAM","TAM","ARI","IL","Elbow","","","0"
"35186-52873","P","Joe","Joe Ross","Ross","0.7777777777777778","9","5900","WAS@MIL","WAS","MIL","","","","",""
"35186-68564","P","Erick","Erick Fedde","Fedde","21","1","5900","WAS@MIL","WAS","MIL","","","","",""
"35186-13123","P","Alex","Alex Cobb","Cobb","5.333333333333333","3","5800","BOS@BAL","BAL","BOS","IL","Back","","","0"
"35186-68485","P","Ryan","Ryan Yarbrough","Yarbrough","11.8","5","5800","ARI@TAM","TAM","ARI","","","","","0"
"35186-68493","P","David","David Hess","Hess","16.142857142857142","7","5800","BOS@BAL","BAL","BOS","","","","","0"
"35186-79903","P","Glenn","Glenn Sparkman","Sparkman","15","4","5700","KAN@HOU","KAN","HOU","","","","","0"
"35186-60653","P","Adalberto","Adalberto Mejia","Mejia","3.090909090909091","11","5700","MIN@TOR","MIN","TOR","IL","Calf","","","0"
"35186-38148","P","Steven","Steven Wright","Wright","13.45","20","5700","BOS@BAL","BOS","BAL","DTD","Suspension","","","0"
"35186-62871","P","Junior","Junior Guerra","Guerra","6.714285714285714","14","5700","WAS@MIL","MIL","WAS","","","","","0"
"35186-79259","P","Jake","Jake Faria","Faria","9","1","5700","ARI@TAM","TAM","ARI","","","","","0"
"35186-23409","P","Dan","Dan Straily","Straily","8.5","6","5700","BOS@BAL","BAL","BOS","","","","","0"
"35186-6200","P","Jason","Jason Vargas","Vargas","13","7","5600","NYM@SDP","NYM","SDP","DTD","Hamstring","","",""
"35186-83181","P","Heath","Heath Fillmyer","Fillmyer","5.25","4","5600","KAN@HOU","KAN","HOU","","","","","0"
"35186-79245","P","Sandy","Sandy Alcantara","Alcantara","20.333333333333332","6","5600","MIA@CHC","MIA","CHC","","","","Yes",""
"35186-17118","P","Robbie","Robbie Erlin","Erlin","7.888888888888889","9","5600","NYM@SDP","SDP","NYM","","","","",""
"35186-52169","P","Kohl","Kohl Stewart","Stewart","6","1","5600","MIN@TOR","MIN","TOR","","","","","0"
"35186-13312","P","Ryan","Ryan Brasier","Brasier","5","15","5500","BOS@BAL","BOS","BAL","","","","","0"
"35186-81922","P","Jacob","Jacob Rhame","Rhame","2.3333333333333335","3","5500","NYM@SDP","NYM","SDP","IL","Undisclosed","","",""
"35186-79882","P","Austin","Austin Pruitt","Pruitt","4","2","5500","ARI@TAM","TAM","ARI","","","","","0"
"35186-79895","P","Miguel","Miguel Diaz","Diaz","11.090909090909092","11","5500","NYM@SDP","SDP","NYM","IL","Knee","","",""
"35186-82975","P","Yefry","Yefry Ramirez","Ramirez","15","2","5500","BOS@BAL","BAL","BOS","","","","","0"
"35186-82976","P","Corey","Corey Oswalt","Oswalt","4","2","5500","NYM@SDP","NYM","SDP","","","","",""
"35186-82986","P","Colten","Colten Brewer","Brewer","3.5625","16","5500","BOS@BAL","BOS","BAL","","","","","0"
"35186-68654","P","John","John Gant","Gant","8.166666666666666","18","5500","PHI@STL","STL","PHI","","","","",""
"35186-68661","P","Joe","Joe Biagini","Biagini","4.9375","16","5500","MIN@TOR","TOR","MIN","","","","","0"
"35186-38966","P","Mike","Mike Morin","Morin","12","1","5500","MIN@TOR","MIN","TOR","","","","","0"
"35186-82999","P","Scott","Scott Barlow","Barlow","8.909090909090908","11","5500","KAN@HOU","KAN","HOU","","","","","0"
"35186-68662","P","Luis","Luis Perdomo","Perdomo","7.8","5","5500","NYM@SDP","SDP","NYM","","","","",""
"35186-11321","P","Mike","Mike Montgomery","Montgomery","-0.25","4","5500","MIA@CHC","CHC","MIA","IL","Lat","","","0"
"35186-79930","P","Shane","Shane Carle","Carle","2.6666666666666665","6","5500","ATL@LOS","ATL","LOS","","","","",""
"35186-11325","P","Sean","Sean Doolittle","Doolittle","7.733333333333333","15","5500","WAS@MIL","WAS","MIL","","","","",""
"35186-71742","P","Grant","Grant Dayton","Dayton","2.3333333333333335","3","5500","ATL@LOS","ATL","LOS","","","","",""
"35186-58434","P","Kendall","Kendall Graveman","Graveman","15.857142857142858","7","5500","MIA@CHC","CHC","MIA","IL","Elbow","","","0"
"35186-38981","P","Brandon","Brandon Workman","Workman","6.823529411764706","17","5500","BOS@BAL","BOS","BAL","","","","","0"
"35186-11335","P","Jay","Jay Jackson","Jackson","0.3333333333333333","3","5500","WAS@MIL","MIL","WAS","","","","","0"
"35186-23626","P","Will","Will Harris","Harris","4.333333333333333","12","5500","KAN@HOU","HOU","KAN","","","","",""
"35186-79960","P","Paul","Paul Fry","Fry","4.666666666666667","12","5500","BOS@BAL","BAL","BOS","","","","","0"
"35186-82018","P","Victor","Victor Arano","Arano","11.666666666666666","3","5500","PHI@STL","PHI","STL","IL","Elbow","","",""
"35186-72809","P","Austin","Austin Brice","Brice","8.142857142857142","7","5500","MIA@CHC","MIA","CHC","","","","",""
"35186-13418","P","Alex","Alex Wilson","Wilson","3.3076923076923075","13","5500","WAS@MIL","MIL","WAS","","","","","0"
"35186-13421","P","Arodys","Arodys Vizcaino","Vizcaino","8.25","4","5500","ATL@LOS","ATL","LOS","IL","Shoulder","","",""
"35186-5230","P","Joe","Joe Smith","Smith","4.428571428571429","56","5500","KAN@HOU","HOU","KAN","IL","Achilles","","",""
"35186-5231","P","Tony","Tony Sipp","Sipp","2.3125","16","5500","WAS@MIL","WAS","MIL","","","","",""
"35186-6257","P","Pedro","Pedro Strop","Strop","5.636363636363637","11","5500","MIA@CHC","CHC","MIA","","","","","0"
"35186-38001","P","Matt","Matt Barnes","Barnes","9.23076923076923","13","5500","BOS@BAL","BOS","BAL","","","","","0"
"35186-38002","P","Kyle","Kyle Zimmer","Zimmer","2","3","5500","KAN@HOU","KAN","HOU","","","","","0"
"35186-82037","P","Gabriel","Gabriel Moya","Moya","4.6571428571428575","35","5500","MIN@TOR","MIN","TOR","","","","","0"
"35186-85108","P","Enyel","Enyel De Los Santos","De Los Santos","9","2","5500","PHI@STL","PHI","STL","","","","",""
"35186-82039","P","Aaron","Aaron Wilkerson","Wilkerson","9.333333333333334","3","5500","WAS@MIL","MIL","WAS","IL","Foot","","","0"
"35186-38007","P","Jose","Jose Alvarez","Alvarez","2.0833333333333335","12","5500","PHI@STL","PHI","STL","","","","",""
"35186-85119","P","Drew","Drew Gagnon","Gagnon","8.5","4","5500","NYM@SDP","NYM","SDP","","","","",""
"35186-83072","P","Trevor","Trevor Oaks","Oaks","9.5","4","5500","KAN@HOU","KAN","HOU","IL","Hip","","","0"
"35186-11403","P","Jonny","Jonny Venters","Venters","0.8333333333333334","6","5500","ATL@LOS","ATL","LOS","IL","Calf","","",""
"35186-38036","P","T.J.","T.J. McFarland","McFarland","0.5","2","5500","ARI@TAM","ARI","TAM","","","","","0"
"35186-73877","P","Kevin","Kevin McCarthy","McCarthy","-2.1666666666666665","6","5500","KAN@HOU","KAN","HOU","","","","","0"
"35186-21653","P","Hector","Hector Neris","Neris","6.533333333333333","15","5500","PHI@STL","PHI","STL","","","","",""
"35186-6295","P","Daniel","Daniel Hudson","Hudson","5.533333333333333","15","5500","MIN@TOR","TOR","MIN","","","","","0"
"35186-73878","P","Matt","Matt Koch","Koch","2.888888888888889","9","5500","ARI@TAM","ARI","TAM","","","","","0"
"35186-38041","P","Ryan","Ryan Pressly","Pressly","7.384615384615385","13","5500","KAN@HOU","HOU","KAN","","","","",""
"35186-80033","P","Emilio","Emilio Pagan","Pagan","6","8","5500","ARI@TAM","TAM","ARI","","","","","0"
"35186-80035","P","Bobby","Bobby Wahl","Wahl","2.7142857142857144","7","5500","WAS@MIL","MIL","WAS","IL","Knee","","","0"
"35186-80034","P","Jose","Jose Alvarado","Alvarado","6.333333333333333","15","5500","ARI@TAM","TAM","ARI","","","","","0"
"35186-12452","P","Kenley","Kenley Jansen","Jansen","6.411764705882353","17","5500","ATL@LOS","LOS","ATL","","","","",""
"35186-12455","P","Josh","Josh Tomlin","Tomlin","6.454545454545454","11","5500","ATL@LOS","ATL","LOS","","","","",""
"35186-13479","P","Joe","Joe Kelly","Kelly","3.076923076923077","13","5500","ATL@LOS","LOS","ATL","","","","",""
"35186-83116","P","Wander","Wander Suero","Suero","4.4","15","5500","WAS@MIL","WAS","MIL","","","","",""
"35186-12463","P","Greg","Greg Holland","Holland","7.5","12","5500","ARI@TAM","ARI","TAM","","","","","0"
"35186-21682","P","Aaron","Aaron Loup","Loup","6.25","4","5500","NYM@SDP","SDP","NYM","IL","Elbow","","",""
"35186-38067","P","Matt","Matt Magill","Magill","7.666666666666667","3","5500","MIN@TOR","MIN","TOR","","","","","0"
"35186-71875","P","Mike","Mike Mayers","Mayers","4.25","8","5500","PHI@STL","STL","PHI","IL","Lat","","",""
"35186-83145","P","Jose","Jose Castillo","Castillo","6.675675675675675","37","5500","NYM@SDP","SDP","NYM","IL","Forearm","","",""
"35186-83147","P","Brad","Brad Wieck","Wieck","3.4166666666666665","12","5500","NYM@SDP","SDP","NYM","","","","",""
"35186-66766","P","Adrian","Adrian Houser","Houser","5","2","5500","WAS@MIL","MIL","WAS","","","","","0"
"35186-83159","P","Diego","Diego Castillo","Castillo","6.0625","16","5500","ARI@TAM","TAM","ARI","","","","","0"
"35186-83158","P","Seranthony","Seranthony Dominguez","Dominguez","5.866666666666666","15","5500","PHI@STL","PHI","STL","","","","",""
"35186-38106","P","Kirby","Kirby Yates","Yates","7.666666666666667","18","5500","NYM@SDP","SDP","NYM","","","","",""
"35186-13534","P","Javy","Javy Guerra","Guerra","5.333333333333333","9","5500","MIN@TOR","TOR","MIN","","","","","0"
"35186-79071","P","Taylor","Taylor Clarke","Clarke","15","1","5500","ARI@TAM","ARI","TAM","","","","","0"
"35186-83170","P","Thomas","Thomas Pannone","Pannone","6.818181818181818","11","5500","MIN@TOR","TOR","MIN","","","","","0"
"35186-60646","P","Ben","Ben Lively","Lively","-3","1","5500","KAN@HOU","KAN","HOU","","","","","0"
"35186-38122","P","Jake","Jake Petricka","Petricka","4","6","5500","WAS@MIL","MIL","WAS","","","","","0"
"35186-12523","P","Jeremy","Jeremy Jeffress","Jeffress","4","8","5500","WAS@MIL","MIL","WAS","","","","","0"
"35186-79084","P","Tanner","Tanner Scott","Scott","5.125","8","5500","BOS@BAL","BAL","BOS","","","","","0"
"35186-70897","P","Edubray","Edubray Ramos","Ramos","3","10","5500","PHI@STL","PHI","STL","","","","",""
"35186-79088","P","Travis","Travis Lakins","Lakins","11","1","5500","BOS@BAL","BOS","BAL","","","","","0"
"35186-5362","P","Darren","Darren O'Day","O'Day","5.85","20","5500","ATL@LOS","ATL","LOS","IL","Forearm","","",""
"35186-13564","P","Chaz","Chaz Roe","Roe","4.076923076923077","13","5500","ARI@TAM","TAM","ARI","","","","","0"
"35186-101636","P","Branden","Branden Kline","Kline","9","3","5500","BOS@BAL","BAL","BOS","","","","","0"
"35186-70933","P","Brock","Brock Stewart","Stewart","-1","3","5500","ATL@LOS","LOS","ATL","","","","",""
"35186-85282","P","Brett","Brett Kennedy","Kennedy","14","6","5500","NYM@SDP","SDP","NYM","IL","Lat","","",""
"35186-12581","P","Brandon","Brandon Kintzler","Kintzler","5.733333333333333","15","5500","MIA@CHC","CHC","MIA","","","","","0"
"35186-79140","P","Eric","Eric Skoglund","Skoglund","18.5","14","5500","KAN@HOU","KAN","HOU","NA","Suspension","","","0"
"35186-38183","P","Nate","Nate Karns","Karns","7.75","4","5500","BOS@BAL","BAL","BOS","IL","Forearm","","","0"
"35186-85289","P","Nick","Nick Anderson","Anderson","7.642857142857143","14","5500","MIA@CHC","MIA","CHC","","","","",""
"35186-53550","P","Alex","Alex Reyes","Reyes","-0.75","4","5500","PHI@STL","STL","PHI","IL","Finger","","",""
"35186-5426","P","Luke","Luke Gregerson","Gregerson","-1","1","5500","PHI@STL","STL","PHI","","","","",""
"35186-13637","P","Dan","Dan Jennings","Jennings","4.333333333333333","3","5500","WAS@MIL","WAS","MIL","","","","",""
"35186-79172","P","Luis","Luis Ortiz","Ortiz","-2.5","2","5500","BOS@BAL","BAL","BOS","","","","","0"
"35186-38215","P","Adam","Adam Morgan","Morgan","4.588235294117647","17","5500","PHI@STL","PHI","STL","","","","",""
"35186-38228","P","Trevor","Trevor May","May","4.533333333333333","15","5500","MIN@TOR","MIN","TOR","","","","","0"
"35186-21846","P","Chris","Chris Devenski","Devenski","5","12","5500","KAN@HOU","HOU","KAN","","","","",""
"35186-23926","P","Tony","Tony Cingrani","Cingrani","4.866666666666666","30","5500","ATL@LOS","LOS","ATL","IL","Shoulder","","",""
"35186-71034","P","Seth","Seth Lugo","Lugo","8.2","15","5500","NYM@SDP","NYM","SDP","","","","",""
"35186-13692","P","Allen","Allen Webster","Webster","3.3636363636363638","11","5500","MIA@CHC","CHC","MIA","","","","","0"
"35186-79228","P","Cal","Cal Quantrill","Quantrill","20","1","5500","NYM@SDP","SDP","NYM","","","","",""
"35186-12675","P","Steve","Steve Cishek","Cishek","5.2","15","5500","MIA@CHC","CHC","MIA","","","","","0"
"35186-13720","P","Juan","Juan Nicasio","Nicasio","5.2727272727272725","11","5500","PHI@STL","PHI","STL","","","","",""
"35186-79256","P","Jaime","Jaime Schultz","Schultz","6","3","5500","ATL@LOS","LOS","ATL","","","","",""
"35186-79258","P","Ryne","Ryne Stanek","Stanek","5.769230769230769","13","5500","ARI@TAM","TAM","ARI","","","","","0"
"35186-21919","P","Matt","Matt Andriese","Andriese","10.545454545454545","11","5500","ARI@TAM","ARI","TAM","","","","","0"
"35186-38303","P","Andrew","Andrew Chafin","Chafin","3.4705882352941178","17","5500","ARI@TAM","ARI","TAM","","","","","0"
"35186-38304","P","Archie","Archie Bradley","Bradley","5.571428571428571","14","5500","ARI@TAM","ARI","TAM","","","","","0"
"35186-38306","P","Adam","Adam Conley","Conley","2.7333333333333334","15","5500","MIA@CHC","MIA","CHC","","","","",""
"35186-57770","P","Alex","Alex Claudio","Claudio","3.4210526315789473","19","5500","WAS@MIL","MIL","WAS","","","","","0"
"35186-101803","P","Jacob","Jacob Webb","Webb","5.875","8","5500","ATL@LOS","ATL","LOS","","","","",""
"35186-65968","P","Silvino","Silvino Bracho","Bracho","5.612903225806452","31","5500","ARI@TAM","ARI","TAM","IL","Elbow","","","0"
"35186-5566","P","Brett","Brett Cecil","Cecil","2.15","40","5500","PHI@STL","STL","PHI","IL","Wrist","","",""
"35186-101822","P","Josh","Josh Sborz","Sborz","0","0","5500","ATL@LOS","LOS","ATL","","","","",""
"35186-101825","P","Jose","Jose Quijada","Quijada","6","2","5500","MIA@CHC","MIA","CHC","","","","",""
"35186-84433","P","Tim","Tim Peterson","Peterson","4.4","5","5500","NYM@SDP","NYM","SDP","","","","",""
"35186-101843","P","Gerardo","Gerardo Reyes","Reyes","1.5","2","5500","NYM@SDP","SDP","NYM","","","","",""
"35186-5587","P","Matt","Matt Albers","Albers","6.928571428571429","14","5500","WAS@MIL","MIL","WAS","","","","","0"
"35186-80344","P","Sam","Sam Gaviglio","Gaviglio","12.636363636363637","11","5500","MIN@TOR","TOR","MIN","","","","","0"
"35186-80346","P","Giovanny","Giovanny Gallegos","Gallegos","7.909090909090909","11","5500","PHI@STL","STL","PHI","","","","",""
"35186-84452","P","Caleb","Caleb Ferguson","Ferguson","5.076923076923077","13","5500","ATL@LOS","LOS","ATL","IL","Oblique","","",""
"35186-52717","P","Marcus","Marcus Walden","Walden","10.583333333333334","12","5500","BOS@BAL","BOS","BAL","","","","","0"
"35186-53753","P","Jimmie","Jimmie Sherfy","Sherfy","6.066666666666666","15","5500","ARI@TAM","ARI","TAM","","","","","0"
"35186-80381","P","Hector","Hector Velazquez","Velazquez","9.1","10","5500","BOS@BAL","BOS","BAL","","","","","0"
"35186-52733","P","Scott","Scott Alexander","Alexander","3.611111111111111","18","5500","ATL@LOS","LOS","ATL","","","","",""
"35186-84476","P","Daniel","Daniel Ponce de Leon","Ponce de Leon","33","1","5500","PHI@STL","STL","PHI","","","","",""
"35186-82430","P","Yoshihisa","Yoshihisa Hirano","Hirano","5.266666666666667","15","5500","ARI@TAM","ARI","TAM","","","","","0"
"35186-53767","P","Dan","Dan Winkler","Winkler","5","10","5500","ATL@LOS","ATL","LOS","","","","",""
"35186-85517","P","Trey","Trey Wingenter","Wingenter","5.875","16","5500","NYM@SDP","SDP","NYM","IL","Shoulder","","",""
"35186-95757","P","Andrew","Andrew Vasquez","Vasquez","-9","1","5500","MIN@TOR","MIN","TOR","","","","","0"
"35186-13838","P","Justin","Justin Miller","Miller","4.583333333333333","12","5500","WAS@MIL","WAS","MIL","","","","",""
"35186-101906","P","Riley","Riley Ferrell","Ferrell","0","0","5500","MIA@CHC","MIA","CHC","IL","Biceps","","",""
"35186-101908","P","Elvis","Elvis Luciano","Luciano","6","11","5500","MIN@TOR","TOR","MIN","","","","","0"
"35186-85530","P","Jacob","Jacob Nix","Nix","12.777777777777779","9","5500","NYM@SDP","SDP","NYM","IL","Elbow","","",""
"35186-95773","P","Austen","Austen Williams","Williams","-7","2","5500","WAS@MIL","WAS","MIL","IL","Shoulder","","",""
"35186-64044","P","Tyler","Tyler Duffey","Duffey","8.5","4","5500","MIN@TOR","MIN","TOR","","","","","0"
"35186-12848","P","Hector","Hector Rondon","Rondon","5.666666666666667","12","5500","KAN@HOU","HOU","KAN","","","","",""
"35186-80433","P","Dinelson","Dinelson Lamet","Lamet","0","0","5500","NYM@SDP","SDP","NYM","IL","Elbow","","",""
"35186-71218","P","Dylan","Dylan Floro","Floro","5.785714285714286","14","5500","ATL@LOS","LOS","ATL","","","","",""
"35186-80446","P","Drew","Drew Steckenrider","Steckenrider","3.7142857142857144","14","5500","MIA@CHC","MIA","CHC","","","","",""
"35186-80461","P","Ryne","Ryne Harper","Harper","4.666666666666667","12","5500","MIN@TOR","MIN","TOR","","","","","0"
"35186-80460","P","John","John Brebbia","Brebbia","7.9375","16","5500","PHI@STL","STL","PHI","","","","",""
"35186-85582","P","Chad","Chad Sobotka","Sobotka","4.153846153846154","13","5500","ATL@LOS","ATL","LOS","IL","Abdomen","","",""
"35186-81490","P","Chris","Chris Flexen","Flexen","-0.5","2","5500","NYM@SDP","NYM","SDP","","","","",""
"35186-16982","P","Ryan","Ryan Tepera","Tepera","3.125","8","5500","MIN@TOR","TOR","MIN","","","","","0"
"35186-85592","P","Daniel","Daniel Zamora","Zamora","4","5","5500","NYM@SDP","NYM","SDP","","","","",""
"35186-85594","P","Jake","Jake Newberry","Newberry","6.222222222222222","9","5500","KAN@HOU","KAN","HOU","","","","","0"
"35186-80477","P","Hunter","Hunter Wood","Wood","10","4","5500","ARI@TAM","TAM","ARI","IL","Shoulder","","","0"
"35186-80478","P","Reymin","Reymin Guduan","Guduan","3.6666666666666665","3","5500","KAN@HOU","HOU","KAN","","","","",""
"35186-82528","P","Jon","Jon Duplantier","Duplantier","15","3","5500","ARI@TAM","ARI","TAM","","","","","0"
"35186-80482","P","Randy","Randy Rosario","Rosario","4.125","8","5500","MIA@CHC","CHC","MIA","","","","","0"
"35186-5735","P","David","David Robertson","Robertson","3.7142857142857144","7","5500","PHI@STL","PHI","STL","IL","Elbow","","",""
"35186-82534","P","Bryse","Bryse Wilson","Wilson","6.5","2","5500","ATL@LOS","ATL","LOS","","","","",""
"35186-21096","P","Erasmo","Erasmo Ramirez","Ramirez","0","1","5500","BOS@BAL","BOS","BAL","","","","","0"
"35186-21097","P","Taijuan","Taijuan Walker","Walker","18.333333333333332","3","5500","ARI@TAM","ARI","TAM","IL","Elbow","","","0"
"35186-82539","P","Jalen","Jalen Beeks","Beeks","15.555555555555555","9","5500","ARI@TAM","TAM","ARI","","","","","0"
"35186-82538","P","Darwinzon","Darwinzon Hernandez","Hernandez","19","1","5500","BOS@BAL","BOS","BAL","","","","","0"
"35186-52857","P","Kyle","Kyle Ryan","Ryan","6.454545454545454","11","5500","MIA@CHC","CHC","MIA","","","","","0"
"35186-81531","P","Drew","Drew Anderson","Anderson","10.5","2","5500","PHI@STL","PHI","STL","","","","",""
"35186-5761","P","Tommy","Tommy Hunter","Hunter","4.523076923076923","65","5500","PHI@STL","PHI","STL","IL","Elbow","","",""
"35186-52865","P","Corey","Corey Knebel","Knebel","6.807017543859649","57","5500","WAS@MIL","MIL","WAS","IL","Elbow","","","0"
"35186-17026","P","Heath","Heath Hembree","Hembree","4.625","16","5500","BOS@BAL","BOS","BAL","","","","","0"
"35186-42626","P","Brian","Brian Flynn","Flynn","5.916666666666667","48","5500","KAN@HOU","KAN","HOU","IL","Elbow","","","0"
"35186-52871","P","Derek","Derek Law","Law","7","2","5500","MIN@TOR","TOR","MIN","","","","","0"
"35186-62087","P","Miguel","Miguel Castro","Castro","3.2142857142857144","14","5500","BOS@BAL","BAL","BOS","","","","","0"
"35186-17037","P","Trevor","Trevor Rosenthal","Rosenthal","-2.5714285714285716","7","5500","WAS@MIL","WAS","MIL","IL","Infection","","",""
"35186-52877","P","Dominic","Dominic Leone","Leone","3.6875","16","5500","PHI@STL","STL","PHI","","","","",""
"35186-82587","P","Richard","Richard Lovelady","Lovelady","3.6666666666666665","9","5500","KAN@HOU","KAN","HOU","","","","","0"
"35186-82592","P","Dennis","Dennis Santana","Santana","7","3","5500","ATL@LOS","LOS","ATL","","","","",""
"35186-17058","P","Blake","Blake Parker","Parker","4.166666666666667","12","5500","MIN@TOR","MIN","TOR","","","","","0"
"35186-38563","P","Yimi","Yimi Garcia","Garcia","4.375","16","5500","ATL@LOS","LOS","ATL","","","","",""
"35186-13992","P","Luis","Luis Avilan","Avilan","3.4545454545454546","11","5500","NYM@SDP","NYM","SDP","IL","Elbow","","",""
"35186-84651","P","Austin","Austin Davis","Davis","15","1","5500","PHI@STL","PHI","STL","","","","",""
"35186-80571","P","Phil","Phil Maton","Maton","5.166666666666667","6","5500","NYM@SDP","SDP","NYM","","","","",""
"35186-80570","P","Jimmy","Jimmy Yacabonis","Yacabonis","3.8","10","5500","BOS@BAL","BAL","BOS","","","","","0"
"35186-17094","P","Jake","Jake Diekman","Diekman","4.666666666666667","18","5500","KAN@HOU","KAN","HOU","","","","","0"
"35186-17100","P","Jeurys","Jeurys Familia","Familia","5","14","5500","NYM@SDP","NYM","SDP","IL","Shoulder","","",""
"35186-81615","P","Tim","Tim Mayza","Mayza","3.7222222222222223","18","5500","MIN@TOR","TOR","MIN","","","","","0"
"35186-82639","P","Ryan","Ryan Helsley","Helsley","11.333333333333334","3","5500","PHI@STL","STL","PHI","","","","",""
"35186-82638","P","Jordan","Jordan Hicks","Hicks","6.384615384615385","13","5500","PHI@STL","STL","PHI","","","","",""
"35186-13010","P","David","David Phelps","Phelps","0","0","5500","MIN@TOR","TOR","MIN","IL","Elbow","","","0"
"35186-5843","P","Jerry","Jerry Blevins","Blevins","3.2","5","5500","ATL@LOS","ATL","LOS","","","","",""
"35186-14039","P","Addison","Addison Reed","Reed","4.036363636363636","55","5500","MIN@TOR","MIN","TOR","IL","Thumb","","","0"
"35186-17112","P","Tyler","Tyler Thornburg","Thornburg","4.538461538461538","13","5500","BOS@BAL","BOS","BAL","","","","","0"
"35186-21210","P","Mychal","Mychal Givens","Givens","7.181818181818182","11","5500","BOS@BAL","BAL","BOS","","","","","0"
"35186-13019","P","Garrett","Garrett Richards","Richards","27.6875","16","5500","NYM@SDP","SDP","NYM","IL","Elbow","","",""
"35186-81628","P","Josh","Josh Lucas","Lucas","6.333333333333333","3","5500","BOS@BAL","BAL","BOS","","","","","0"
"35186-14047","P","Brad","Brad Boxberger","Boxberger","4.142857142857143","14","5500","KAN@HOU","KAN","HOU","","","","","0"
"35186-13025","P","Pedro","Pedro Baez","Baez","5.823529411764706","17","5500","ATL@LOS","LOS","ATL","","","","",""
"35186-53990","P","Shawn","Shawn Armstrong","Armstrong","2.3333333333333335","6","5500","BOS@BAL","BAL","BOS","","","","","0"
"35186-81642","P","A.J.","A.J. Minter","Minter","4.076923076923077","13","5500","ATL@LOS","ATL","LOS","","","","",""
"35186-52977","P","Ken","Ken Giles","Giles","7.1875","16","5500","MIN@TOR","TOR","MIN","","","","","0"
"35186-62196","P","Roberto","Roberto Osuna","Osuna","6.071428571428571","14","5500","KAN@HOU","HOU","KAN","","","","",""
"35186-84727","P","Drew","Drew Smith","Smith","4.111111111111111","27","5500","NYM@SDP","NYM","SDP","IL","Elbow","","",""
"35186-84731","P","Evan","Evan Phillips","Phillips","6.666666666666667","9","5500","BOS@BAL","BAL","BOS","","","","","0"
"35186-71421","P","Donnie","Donnie Hart","Hart","7.25","4","5500","WAS@MIL","MIL","WAS","","","","","0"
"35186-84733","P","Wes","Wes Parsons","Parsons","4.333333333333333","12","5500","ATL@LOS","ATL","LOS","","","","",""
"35186-84732","P","Robert","Robert Stock","Stock","4.714285714285714","7","5500","NYM@SDP","SDP","NYM","","","","",""
"35186-52994","P","Casey","Casey Sadler","Sadler","9","2","5500","ARI@TAM","TAM","ARI","","","","","0"
"35186-68370","P","Tony","Tony Barnette","Barnette","6.7272727272727275","22","5500","MIA@CHC","CHC","MIA","IL","Shoulder","","","0"
"35186-13078","P","Brad","Brad Brach","Brach","6.923076923076923","13","5500","MIA@CHC","CHC","MIA","","","","","0"
"35186-53043","P","Jesse","Jesse Hahn","Hahn","0","0","5500","KAN@HOU","KAN","HOU","IL","Elbow","","","0"
"35186-13118","P","Justin","Justin Wilson","Wilson","5.111111111111111","9","5500","NYM@SDP","NYM","SDP","IL","Elbow","","",""
"35186-68465","P","Yoan","Yoan Lopez","Lopez","3.764705882352941","17","5500","ARI@TAM","ARI","TAM","","","","","0"
"35186-68467","P","Chris","Chris Ellis","Ellis","3","1","5500","PHI@STL","STL","PHI","","","","",""
"35186-15222","P","Wilmer","Wilmer Font","Font","7.5","10","5500","NYM@SDP","NYM","SDP","","","","",""
"35186-63351","P","Ryan","Ryan O'Rourke","O'Rourke","3.5","2","5500","NYM@SDP","NYM","SDP","","","","",""
"35186-68475","P","JT","JT Chargois","Chargois","1","2","5500","ATL@LOS","LOS","ATL","","","","",""
"35186-82811","P","Pedro","Pedro Araujo","Araujo","-4","1","5500","BOS@BAL","BAL","BOS","","","","","0"
"35186-68474","P","Josh","Josh Hader","Hader","11.692307692307692","13","5500","WAS@MIL","MIL","WAS","","","","","0"
"35186-68476","P","Taylor","Taylor Rogers","Rogers","7.538461538461538","13","5500","MIN@TOR","MIN","TOR","","","","","0"
"35186-68479","P","Gabriel","Gabriel Ynoa","Ynoa","11.5","4","5500","BOS@BAL","BAL","BOS","","","","","0"
"35186-13184","P","Adam","Adam Warren","Warren","6.153846153846154","13","5500","NYM@SDP","SDP","NYM","","","","",""
"35186-103297","P","Matt","Matt Wotherspoon","Wotherspoon","-3","1","5500","BOS@BAL","BAL","BOS","","","","","0"
"35186-68487","P","Tayron","Tayron Guerrero","Guerrero","5.333333333333333","15","5500","MIA@CHC","MIA","CHC","","","","",""
"35186-15242","P","Xavier","Xavier Cedeno","Cedeno","3.8958333333333335","48","5500","MIA@CHC","CHC","MIA","IL","Wrist","","","0"
"35186-95115","P","Josh","Josh Rogers","Rogers","-1","1","5500","BOS@BAL","BAL","BOS","","","","","0"
"35186-82836","P","Julian","Julian Fernandez","Fernandez","0","0","5500","MIA@CHC","MIA","CHC","IL","Elbow","","",""
"35186-13213","P","Tim","Tim Collins","Collins","3.25","4","5500","MIA@CHC","CHC","MIA","","","","","0"
"35186-70561","P","Alec","Alec Mills","Mills","14.142857142857142","7","5500","MIA@CHC","CHC","MIA","","","","","0"
"35186-8101","P","Ian","Ian Kennedy","Kennedy","7.142857142857143","14","5500","KAN@HOU","KAN","HOU","","","","","0"
"35186-80804","P","Tyler","Tyler Webb","Webb","2.1818181818181817","11","5500","PHI@STL","STL","PHI","","","","",""
"35186-6057","P","Andrew","Andrew Miller","Miller","4.294117647058823","17","5500","PHI@STL","STL","PHI","","","","",""
"35186-68527","P","Jose","Jose De Leon","De Leon","0","0","5500","ARI@TAM","TAM","ARI","IL","Elbow","","","0"
"35186-52146","P","Carl","Carl Edwards Jr.","Edwards Jr.","-1.75","4","5500","MIA@CHC","CHC","MIA","","","","","0"
"35186-6067","P","Brandon","Brandon Morrow","Morrow","4.857142857142857","35","5500","MIA@CHC","CHC","MIA","IL","Elbow","","","0"
"35186-68530","P","Jarlin","Jarlin Garcia","Garcia","1.8","5","5500","MIA@CHC","MIA","CHC","","","","",""
"35186-70585","P","Richard","Richard Bleier","Bleier","1","4","5500","BOS@BAL","BAL","BOS","IL","Shoulder","","","0"
"35186-68541","P","Taylor","Taylor Williams","Williams","7.166666666666667","6","5500","WAS@MIL","MIL","WAS","","","","","0"
"35186-64446","P","Kyle","Kyle Barraclough","Barraclough","5.0588235294117645","17","5500","WAS@MIL","WAS","MIL","","","","",""
"35186-52159","P","Lance","Lance McCullers Jr.","McCullers Jr.","30.32","25","5500","KAN@HOU","HOU","KAN","IL","Elbow","","",""
"35186-68542","P","Robert","Robert Gsellman","Gsellman","7.3125","16","5500","NYM@SDP","NYM","SDP","","","","",""
"35186-6081","P","Pat","Pat Neshek","Neshek","2.933333333333333","15","5500","PHI@STL","PHI","STL","","","","",""
"35186-80832","P","Trevor","Trevor Hildenberger","Hildenberger","4.2","15","5500","MIN@TOR","MIN","TOR","","","","","0"
"35186-68548","P","Edwin","Edwin Diaz","Diaz","6.533333333333333","15","5500","NYM@SDP","NYM","SDP","","","","",""
"35186-13258","P","Wily","Wily Peralta","Peralta","3.2","15","5500","KAN@HOU","KAN","HOU","","","","","0"
"35186-5069","P","Craig","Craig Stammen","Stammen","6.0625","16","5500","NYM@SDP","SDP","NYM","","","","",""
"35186-80849","P","Adam","Adam Kolarek","Kolarek","3.9375","16","5500","ARI@TAM","TAM","ARI","","","","","0"
"35186-52177","P","Jesse","Jesse Biddle","Biddle","3.9285714285714284","14","5500","ATL@LOS","ATL","LOS","IL","Groin","","",""
"35186-71636","P","Koda","Koda Glover","Glover","2.909090909090909","22","5500","WAS@MIL","WAS","MIL","IL","Forearm","","",""
"35186-52184","P","Matt","Matt Wisler","Wisler","8.142857142857142","7","5500","NYM@SDP","SDP","NYM","","","","",""
"35186-62426","P","Josh","Josh Smith","Smith","6","1","5500","BOS@BAL","BOS","BAL","","","","Yes",""
"35186-52192","P","Luke","Luke Jackson","Jackson","7","15","5500","ATL@LOS","ATL","LOS","","","","",""
"35186-70629","P","Jacob","Jacob Barnes","Barnes","4.923076923076923","13","5500","WAS@MIL","MIL","WAS","","","","","0"
"35186-82918","P","Bobby","Bobby Poyner","Poyner","-1.5","2","5500","BOS@BAL","BOS","BAL","","","","","0"
"35186-79848","P","Paul","Paul Sewald","Sewald","4","3","5500","NYM@SDP","NYM","SDP","","","","",""
"35186-82922","P","Tyler","Tyler Kinley","Kinley","4.9375","16","5500","MIA@CHC","MIA","CHC","","","","",""
"35186-62444","P","Matt","Matt Grace","Grace","3","18","5500","WAS@MIL","WAS","MIL","","","","",""
"35186-82924","P","Tim","Tim Hill","Hill","2","6","5500","KAN@HOU","KAN","HOU","","","","","0"
"35186-5107","P","Sergio","Sergio Romo","Romo","3.75","12","5500","MIA@CHC","MIA","CHC","","","","",""
"35186-63476","P","Brian","Brian Johnson","Johnson","5","4","5500","BOS@BAL","BOS","BAL","IL","Elbow","","","0"
"35186-81912","P","Dillon","Dillon Maples","Maples","8.666666666666666","3","5500","MIA@CHC","CHC","MIA","","","","","0"
"35186-79159","OF","Cody","Cody Bellinger","Bellinger","18.57058895335478","34","4900","ATL@LOS","LOS","ATL","DTD","Shoulder","","",""
"35186-21609","OF","Christian","Christian Yelich","Yelich","18.367742723034276","31","4700","WAS@MIL","MIL","WAS","","","","","2"
"35186-79215","1B","Rhys","Rhys Hoskins","Hoskins","15.059374809265137","32","4600","PHI@STL","PHI","STL","","","","",""
"35186-21885","SS","Javier","Javier Baez","Baez","15.41290283203125","31","4600","MIA@CHC","CHC","MIA","","","","","4"
"35186-16983","OF","George","George Springer","Springer","14.044117647058824","34","4600","KAN@HOU","HOU","KAN","","","","",""
"35186-12948","OF","Bryce","Bryce Harper","Harper","11.893939393939394","33","4500","PHI@STL","PHI","STL","","","","",""
"35186-39151","OF","Mookie","Mookie Betts","Betts","12.25","34","4400","BOS@BAL","BOS","BAL","","","","","1"
"35186-13540","OF","J.D.","J.D. Martinez","Martinez","10.927272912227746","33","4300","BOS@BAL","BOS","BAL","","","","","3"
"35186-12940","1B","Anthony","Anthony Rizzo","Rizzo","13.512903028918851","31","4300","MIA@CHC","CHC","MIA","","","","","3"
"35186-68522","3B","Alex","Alex Bregman","Bregman","13.040624618530273","32","4300","KAN@HOU","HOU","KAN","","","","",""
"35186-11334","1B","Freddie","Freddie Freeman","Freeman","12.338235294117647","34","4200","ATL@LOS","ATL","LOS","","","","",""
"35186-6273","OF","Michael","Michael Brantley","Brantley","12.666666666666666","33","4100","KAN@HOU","HOU","KAN","","","","",""
"35186-38614","SS","Carlos","Carlos Correa","Correa","11.833333333333334","30","4100","KAN@HOU","HOU","KAN","","","","",""
"35186-68587","2B","Ozzie","Ozzie Albies","Albies","12.247058644014245","34","4100","ATL@LOS","ATL","LOS","","","","",""
"35186-37982","SS","Xander","Xander Bogaerts","Bogaerts","11.557575572620738","33","4000","BOS@BAL","BOS","BAL","","","","","2"
"35186-79087","2B","Michael","Michael Chavis","Chavis","16.406667073567707","15","4000","BOS@BAL","BOS","BAL","","","","","4"
"35186-21853","OF","Ketel","Ketel Marte","Marte","13.078788063742898","33","4000","ARI@TAM","ARI","TAM","","","","","2"
"35186-79282","OF","Juan","Juan Soto","Soto","12.614286150251116","28","4000","WAS@MIL","WAS","MIL","IL","Back","","",""
"35186-13929","3B","Manny","Manny Machado","Machado","10.367647058823529","34","4000","NYM@SDP","SDP","NYM","","","","",""
"35186-82614","1B","Pete","Pete Alonso","Alonso","12.873529770795036","34","4000","NYM@SDP","NYM","SDP","","","","",""
"35186-17086","OF","Marcell","Marcell Ozuna","Ozuna","14.893750190734863","32","4000","PHI@STL","STL","PHI","","","","",""
"35186-52147","3B","Kris","Kris Bryant","Bryant","12.263333129882813","30","4000","MIA@CHC","CHC","MIA","","","","","2"
"35186-52180","OF","Austin","Austin Meadows","Meadows","14.835000610351562","20","4000","ARI@TAM","TAM","ARI","IL","Thumb","","","0"
"35186-38040","OF","Eddie","Eddie Rosario","Rosario","12.05483910345262","31","3900","MIN@TOR","MIN","TOR","","","","","4"
"35186-14562","2B","Jose","Jose Altuve","Altuve","11.361764346852022","34","3900","KAN@HOU","HOU","KAN","","","","",""
"35186-38218","1B","Christian","Christian Walker","Walker","12.28125","32","3900","ARI@TAM","ARI","TAM","","","","","5"
"35186-65881","SS","Trea","Trea Turner","Turner","22.450000762939453","4","3900","WAS@MIL","WAS","MIL","IL","Finger","","",""
"35186-21874","SS","Jorge","Jorge Polanco","Polanco","11.035484067855343","31","3900","MIN@TOR","MIN","TOR","","","","","2"
"35186-21887","C","Willson","Willson Contreras","Contreras","13.437931455414871","29","3900","MIA@CHC","CHC","MIA","","","","","5"
"35186-16951","3B","Anthony","Anthony Rendon","Rendon","16.410000610351563","20","3900","WAS@MIL","WAS","MIL","IL","Elbow","","",""
"35186-79756","OF","Ronald","Ronald Acuna Jr.","Acuna Jr.","11.515151515151516","33","3900","ATL@LOS","ATL","LOS","DTD","Back","","",""
"35186-52164","SS","Adalberto","Adalberto Mondesi","Mondesi","13.976470947265625","34","3900","KAN@HOU","KAN","HOU","","","","","2"
"35186-13487","OF","Tommy","Tommy Pham","Pham","11.274999618530273","32","3800","ARI@TAM","TAM","ARI","","","","","2"
"35186-13188","SS","Jean","Jean Segura","Segura","12.617391835088315","23","3800","PHI@STL","PHI","STL","","","","",""
"35186-68495","OF","Andrew","Andrew Benintendi","Benintendi","11.074999809265137","32","3800","BOS@BAL","BOS","BAL","","","","","0"
"35186-70562","2B","Whit","Whit Merrifield","Merrifield","12.354285539899553","35","3800","KAN@HOU","KAN","HOU","","","","","1"
"35186-13239","3B","Eduardo","Eduardo Escobar","Escobar","11.893939393939394","33","3800","ARI@TAM","ARI","TAM","","","","","3"
"35186-52162","3B","Hunter","Hunter Dozier","Dozier","12.980644964402721","31","3800","KAN@HOU","KAN","HOU","","","","","4"
"35186-53401","OF","Trey","Trey Mancini","Mancini","11.896773799773186","31","3700","BOS@BAL","BAL","BOS","","","","","2"
"35186-79120","3B","Yandy","Yandy Diaz","Diaz","11.720000203450521","30","3700","ARI@TAM","TAM","ARI","","","","","4"
"35186-5456","OF","Andrew","Andrew McCutchen","McCutchen","11.06060606060606","33","3700","PHI@STL","PHI","STL","","","","",""
"35186-85504","2B","Brandon","Brandon Lowe","Lowe","12.35","30","3700","ARI@TAM","TAM","ARI","","","","","1"
"35186-80462","SS","Paul","Paul DeJong","DeJong","13.097058464499082","34","3700","PHI@STL","STL","PHI","","","","",""
"35186-5763","OF","Nelson","Nelson Cruz","Cruz","12.282142639160156","28","3700","MIN@TOR","MIN","TOR","","","","","3"
"35186-68563","OF","Victor","Victor Robles","Robles","10.881818366773201","33","3700","WAS@MIL","WAS","MIL","","","","",""
"35186-68585","3B","Rafael","Rafael Devers","Devers","10.017143031529018","35","3700","BOS@BAL","BOS","BAL","","","","","5"
"35186-5135","OF","Alex","Alex Gordon","Gordon","12.633333148378314","33","3600","KAN@HOU","KAN","HOU","","","","","3"
"35186-12593","2B","Eric","Eric Sogard","Sogard","15.959999593098958","15","3600","MIN@TOR","TOR","MIN","","","","","1"
"35186-53586","OF","David","David Peralta","Peralta","12.218182188091856","33","3600","ARI@TAM","ARI","TAM","","","","","0"
"35186-21875","OF","Max","Max Kepler","Kepler","11.132143293108259","28","3600","MIN@TOR","MIN","TOR","","","","","1"
"35186-79393","SS","Fernando","Fernando Tatis Jr.","Tatis Jr.","11.899999547887731","27","3600","NYM@SDP","SDP","NYM","IL","Hamstring","","",""
"35186-12968","1B","Paul","Paul Goldschmidt","Goldschmidt","11.179411944221048","34","3600","PHI@STL","STL","PHI","","","","",""
"35186-12113","3B","Josh","Josh Donaldson","Donaldson","11.129032258064516","31","3600","ATL@LOS","ATL","LOS","","","","",""
"35186-68586","SS","Dansby","Dansby Swanson","Swanson","11.061764885397519","34","3600","ATL@LOS","ATL","LOS","","","","",""
"35186-11322","2B","Mike","Mike Moustakas","Moustakas","11.740000406901041","30","3500","WAS@MIL","MIL","WAS","","","","","4"
"35186-5262","OF","Adam","Adam Jones","Jones","10.803125381469727","32","3500","ARI@TAM","ARI","TAM","","","","","4"
"35186-60642","OF","Michael","Michael Conforto","Conforto","11.352941176470589","34","3500","NYM@SDP","NYM","SDP","","","","",""
"35186-13706","OF","Adam","Adam Eaton","Eaton","9.931249618530273","32","3500","WAS@MIL","WAS","MIL","","","","",""
"35186-13792","2B","Kike","Kike Hernandez","Hernandez","9.355882532456341","34","3500","ATL@LOS","LOS","ATL","","","","",""
"35186-68489","OF","Dwight","Dwight Smith Jr.","Smith Jr.","12.393548780871976","31","3500","BOS@BAL","BAL","BOS","","","","","3"
"35186-52178","3B","Maikel","Maikel Franco","Franco","10.845454360499527","33","3500","PHI@STL","PHI","STL","","","","",""
"35186-11443","1B","Justin","Justin Smoak","Smoak","10.92999979654948","30","3400","MIN@TOR","TOR","MIN","","","","","4"
"35186-11129","OF","Jason","Jason Heyward","Heyward","11.5827584102236","29","3400","MIA@CHC","CHC","MIA","","","","","6"
"35186-13430","2B","Jonathan","Jonathan Villar","Villar","10.623529770795036","34","3300","BOS@BAL","BAL","BOS","","","","","1"
"35186-5263","OF","Nick","Nick Markakis","Markakis","11.29117629107307","34","3300","ATL@LOS","ATL","LOS","","","","",""
"35186-17139","C","J.T.","J.T. Realmuto","Realmuto","10.44193587764617","31","3300","PHI@STL","PHI","STL","","","","",""
"35186-12434","OF","Lorenzo","Lorenzo Cain","Cain","10.285714285714286","35","3200","WAS@MIL","MIL","WAS","DTD","Hand","","","0"
"35186-12462","1B","Mitch","Mitch Moreland","Moreland","10.365625381469727","32","3200","BOS@BAL","BOS","BAL","","","","","0"
"35186-5591","3B","Howie","Howie Kendrick","Kendrick","9.504000244140625","25","3200","WAS@MIL","WAS","MIL","","","","",""
"35186-13864","OF","Joc","Joc Pederson","Pederson","11.199999809265137","32","3200","ATL@LOS","LOS","ATL","","","","",""
"35186-16948","2B","Kolten","Kolten Wong","Wong","10.117647058823529","34","3200","PHI@STL","STL","PHI","","","","",""
"35186-13152","3B","Matt","Matt Carpenter","Carpenter","8.857575387665719","33","3200","PHI@STL","STL","PHI","","","","",""
"35186-5189","OF","Josh","Josh Reddick","Reddick","8.38965527764682","29","3100","KAN@HOU","HOU","KAN","","","","",""
"35186-6312","3B","Justin","Justin Turner","Turner","7.881818366773201","33","3100","ATL@LOS","LOS","ATL","","","","",""
"35186-85307","OF","Jeff","Jeff McNeil","McNeil","9.378787878787879","33","3100","NYM@SDP","NYM","SDP","","","","",""
"35186-12985","OF","Avisail","Avisail Garcia","Garcia","9.372413372171335","29","3100","ARI@TAM","TAM","ARI","","","","","6"
"35186-5122","C","Alex","Alex Avila","Avila","14.583333333333334","6","3000","ARI@TAM","ARI","TAM","IL","Quadriceps","","","0"
"35186-21612","SS","Nick","Nick Ahmed","Ahmed","9.176470588235293","34","3000","ARI@TAM","ARI","TAM","","","","","7"
"35186-73875","OF","Jose","Jose Martinez","Martinez","7.823529411764706","34","3000","PHI@STL","STL","PHI","","","","",""
"35186-16964","OF","Yoenis","Yoenis Cespedes","Cespedes","11.460526315789474","38","3000","NYM@SDP","NYM","SDP","IL","Heel","","",""
"35186-13909","OF","Randal","Randal Grichuk","Grichuk","9.04117629107307","34","3000","MIN@TOR","TOR","MIN","","","","","3"
"35186-12931","OF","Wil","Wil Myers","Myers","8.594118006089154","34","3000","NYM@SDP","SDP","NYM","","","","",""
"35186-12970","OF","A.J.","A.J. Pollock","Pollock","8.178571428571429","28","3000","ATL@LOS","LOS","ATL","IL","Elbow","","",""
"35186-81622","C","Mitch","Mitch Garver","Garver","13.22352959127987","17","3000","MIN@TOR","MIN","TOR","","","","","0"
"35186-6029","2B","Jed","Jed Lowrie","Lowrie","10.446496659783042","157","3000","NYM@SDP","NYM","SDP","IL","Knee","","",""
"35186-5062","1B","Ryan","Ryan Zimmerman","Zimmerman","7.949999722567472","22","3000","WAS@MIL","WAS","MIL","IL","Foot","","",""
"35186-52176","1B","Max","Max Muncy","Muncy","9.594285365513393","35","3000","ATL@LOS","LOS","ATL","","","","",""
"35186-80848","C","Victor","Victor Caratini","Caratini","13.550000508626303","6","3000","MIA@CHC","CHC","MIA","IL","Hand","","","0"
"35186-39086","OF","Byron","Byron Buxton","Buxton","9.790000406901042","30","2900","MIN@TOR","MIN","TOR","","","","","9"
"35186-83188","3B","Kelvin","Kelvin Gutierrez","Gutierrez","12.311111450195312","9","2900","KAN@HOU","KAN","HOU","","","","","7"
"35186-5390","2B","Robinson","Robinson Cano","Cano","7.596774193548387","31","2900","NYM@SDP","NYM","SDP","","","","",""
"35186-53725","3B","Renato","Renato Nunez","Nunez","9.193939208984375","33","2900","BOS@BAL","BAL","BOS","","","","","4"
"35186-38412","SS","Corey","Corey Seager","Seager","8","36","2900","ATL@LOS","LOS","ATL","","","","",""
"35186-16947","2B","Jonathan","Jonathan Schoop","Schoop","9.893103237809806","29","2900","MIN@TOR","MIN","TOR","","","","","7"
"35186-13961","OF","Kevin","Kevin Kiermaier","Kiermaier","9.383870770854335","31","2900","ARI@TAM","TAM","ARI","","","","","7"
"35186-21172","2B","Brandon","Brandon Drury","Drury","7.836666870117187","30","2900","MIN@TOR","TOR","MIN","","","","","7"
"35186-12988","C","Robinson","Robinson Chirinos","Chirinos","9.484000244140624","25","2900","KAN@HOU","HOU","KAN","","","","",""
"35186-82659","SS","Carter","Carter Kieboom","Kieboom","6.480000305175781","10","2900","WAS@MIL","WAS","MIL","","","","",""
"35186-13096","2B","Brian","Brian Dozier","Dozier","7.0548386112336186","31","2900","WAS@MIL","WAS","MIL","","","","",""
"35186-13102","SS","Freddy","Freddy Galvis","Galvis","8.91290283203125","31","2900","MIN@TOR","TOR","MIN","","","","","2"
"35186-54068","OF","Hunter","Hunter Renfroe","Renfroe","8.35483870967742","31","2900","NYM@SDP","SDP","NYM","","","","",""
"35186-52187","1B","Ji-Man","Ji-Man Choi","Choi","9.299999872843424","24","2900","ARI@TAM","TAM","ARI","","","","","3"
"35186-13303","C","Yasmani","Yasmani Grandal","Grandal","9.993547993321572","31","2900","WAS@MIL","MIL","WAS","","","","","3"
"35186-13354","2B","Cesar","Cesar Hernandez","Hernandez","9.068750381469727","32","2800","PHI@STL","PHI","STL","","","","",""
"35186-38965","1B","C.J.","C.J. Cron","Cron","8.463333129882812","30","2800","MIN@TOR","MIN","TOR","","","","","5"
"35186-83051","3B","David","David Bote","Bote","8.857142857142858","28","2800","MIA@CHC","CHC","MIA","","","","","7"
"35186-5299","C","Russell","Russell Martin","Martin","8.95999984741211","10","2800","ATL@LOS","LOS","ATL","","","","",""
"35186-12660","2B","Daniel","Daniel Descalso","Descalso","8.085185298213252","27","2800","MIA@CHC","CHC","MIA","DTD","Ankle","","","0"
"35186-38319","OF","Odubel","Odubel Herrera","Herrera","7.0473680998149675","19","2800","PHI@STL","PHI","STL","","","","",""
"35186-12928","1B","Eric","Eric Hosmer","Hosmer","9.752941355985755","34","2800","NYM@SDP","SDP","NYM","","","","",""
"35186-84655","OF","Stevie","Stevie Wilkerson","Wilkerson","8.5","11","2800","BOS@BAL","BAL","BOS","","","","","6"
"35186-5077","OF","Dexter","Dexter Fowler","Fowler","8.175862279431573","29","2800","PHI@STL","STL","PHI","","","","",""
"35186-68589","SS","Amed","Amed Rosario","Rosario","9.25","32","2800","NYM@SDP","NYM","SDP","","","","",""
"35186-12577","OF","Jarrod","Jarrod Dyson","Dyson","9.146153963529146","26","2700","ARI@TAM","ARI","TAM","","","","","0"
"35186-12585","OF","Mark","Mark Trumbo","Trumbo","9.002222357855903","90","2700","BOS@BAL","BAL","BOS","IL","Knee","","","0"
"35186-79160","OF","Alex","Alex Verdugo","Verdugo","7.544117647058823","34","2700","ATL@LOS","LOS","ATL","","","","",""
"35186-5434","OF","Ryan","Ryan Braun","Braun","9.684848669803504","33","2700","WAS@MIL","MIL","WAS","","","","","0"
"35186-79213","SS","Scott","Scott Kingery","Kingery","8.642857142857142","14","2700","PHI@STL","PHI","STL","IL","Hamstring","","",""
"35186-79249","OF","Harrison","Harrison Bader","Bader","7.721739395805027","23","2700","PHI@STL","STL","PHI","","","","",""
"35186-38297","C","Austin","Austin Barnes","Barnes","8.155172413793103","29","2700","ATL@LOS","LOS","ATL","","","","",""
"35186-79273","3B","Vladimir","Vladimir Guerrero Jr.","Guerrero Jr.","4.1875","8","2700","MIN@TOR","TOR","MIN","","","","","5"
"35186-79277","1B","Rowdy","Rowdy Tellez","Tellez","9.086666870117188","30","2700","MIN@TOR","TOR","MIN","","","","","6"
"35186-38324","C","Jorge","Jorge Alfaro","Alfaro","8.555999755859375","25","2700","MIA@CHC","MIA","CHC","","","","",""
"35186-13799","1B","Matt","Matt Adams","Adams","5.651723927464978","29","2700","WAS@MIL","WAS","MIL","IL","Shoulder","","",""
"35186-12863","3B","Todd","Todd Frazier","Frazier","6.325000127156575","12","2700","NYM@SDP","NYM","SDP","","","","",""
"35186-23107","OF","Jorge","Jorge Soler","Soler","10.454285539899553","35","2700","KAN@HOU","KAN","HOU","","","","","5"
"35186-12977","1B","Eric","Eric Thames","Thames","7.2363637288411455","33","2700","WAS@MIL","MIL","WAS","","","","","7"
"35186-17097","OF","Brandon","Brandon Nimmo","Nimmo","7.746874809265137","32","2700","NYM@SDP","NYM","SDP","","","","",""
"35186-5945","3B","David","David Freese","Freese","6.230769230769231","26","2700","ATL@LOS","LOS","ATL","","","","",""
"35186-12123","C","Wilson","Wilson Ramos","Ramos","7.112500190734863","32","2700","NYM@SDP","NYM","SDP","","","","",""
"35186-5181","C","Yadier","Yadier Molina","Molina","8.959375381469727","32","2600","PHI@STL","STL","PHI","","","","",""
"35186-38016","1B","Jesus","Jesus Aguilar","Aguilar","5.862500190734863","32","2600","WAS@MIL","MIL","WAS","","","","","6"
"35186-73871","C","Carson","Carson Kelly","Kelly","6.2526317395662","19","2600","ARI@TAM","ARI","TAM","","","","","0"
"35186-84133","OF","Franmil","Franmil Reyes","Reyes","8.182856968470983","35","2600","NYM@SDP","SDP","NYM","","","","",""
"35186-13638","2B","Wilmer","Wilmer Flores","Flores","6.35","30","2600","ARI@TAM","ARI","TAM","","","","","6"
"35186-65991","C","Pedro","Pedro Severino","Severino","8.5625","16","2600","BOS@BAL","BAL","BOS","","","","","8"
"35186-13858","C","Christian","Christian Vazquez","Vazquez","8.918518631546586","27","2600","BOS@BAL","BOS","BAL","","","","","6"
"35186-84742","C","Willians","Willians Astudillo","Astudillo","8.981249809265137","16","2600","MIN@TOR","MIN","TOR","IL","Hamstring","","","0"
"35186-68525","3B","J.D.","J.D. Davis","Davis","7.085714067731585","28","2600","NYM@SDP","NYM","SDP","","","","",""
"35186-5114","OF","Curtis","Curtis Granderson","Granderson","6.9689657277074355","29","2600","MIA@CHC","MIA","CHC","","","","",""
"35186-6140","SS","Sean","Sean Rodriguez","Rodriguez","12.466667175292969","6","2600","PHI@STL","PHI","STL","","","","",""
"35186-6282","C","Tyler","Tyler Flowers","Flowers","7.8555552164713545","18","2500","ATL@LOS","ATL","LOS","","","","",""
"35186-60631","OF","Kyle","Kyle Schwarber","Schwarber","7.524999891008649","28","2500","MIA@CHC","CHC","MIA","","","","","8"
"35186-79141","1B","Ryan","Ryan O'Hearn","O'Hearn","7.636666870117187","30","2500","KAN@HOU","KAN","HOU","","","","","6"
"35186-73023","OF","Teoscar","Teoscar Hernandez","Hernandez","7.231249809265137","32","2500","MIN@TOR","TOR","MIN","","","","","8"
"35186-38249","OF","Steven","Steven Souza Jr.","Souza Jr.","7.843055725097656","72","2500","ARI@TAM","ARI","TAM","IL","Knee","","","0"
"35186-16950","3B","Miguel","Miguel Sano","Sano","9.252113019916374","71","2500","MIN@TOR","MIN","TOR","IL","Heel","","","0"
"35186-53844","3B","Matt","Matt Duffy","Duffy","8.55151552142519","132","2500","ARI@TAM","TAM","ARI","IL","Hamstring","","","0"
"35186-14018","C","John Ryan","John Ryan Murphy","Murphy","6.806250095367432","16","2500","ARI@TAM","ARI","TAM","","","","","8"
"35186-54049","1B","Aledmys","Aledmys Diaz","Diaz","7.247058644014246","17","2500","KAN@HOU","HOU","KAN","","","","",""
"35186-71507","1B","Yuli","Yuli Gurriel","Gurriel","8.403225806451612","31","2500","KAN@HOU","HOU","KAN","","","","",""
"35186-12168","2B","Starlin","Starlin Castro","Castro","6.566666574189157","33","2500","MIA@CHC","MIA","CHC","","","","",""
"35186-68531","OF","Brian","Brian Anderson","Anderson","7.09375","32","2500","MIA@CHC","MIA","CHC","","","","",""
"35186-13368","OF","Billy","Billy Hamilton","Hamilton","7.170000203450521","30","2400","KAN@HOU","KAN","HOU","","","","","9"
"35186-13390","SS","Miguel","Miguel Rojas","Rojas","6.1870968726373485","31","2400","MIA@CHC","MIA","CHC","","","","",""
"35186-11344","C","Jason","Jason Castro","Castro","9.186666870117188","15","2400","MIN@TOR","MIN","TOR","","","","","8"
"35186-73832","2B","Joey","Joey Wendle","Wendle","3.5","8","2400","ARI@TAM","TAM","ARI","IL","Wrist","","","0"
"35186-5243","C","Brian","Brian McCann","McCann","11.133333333333333","15","2400","ATL@LOS","ATL","LOS","","","","",""
"35186-5311","C","Kurt","Kurt Suzuki","Suzuki","10.299999660915798","18","2400","WAS@MIL","WAS","MIL","","","","",""
"35186-85285","1B","Nate","Nate Lowe","Lowe","5.149999936421712","6","2400","ARI@TAM","TAM","ARI","","","","","5"
"35186-13691","OF","Ender","Ender Inciarte","Inciarte","6.996969512014678","33","2400","ATL@LOS","ATL","LOS","","","","",""
"35186-5504","2B","Ian","Ian Kinsler","Kinsler","5.981817996863163","33","2400","NYM@SDP","SDP","NYM","","","","",""
"35186-5608","OF","Ben","Ben Zobrist","Zobrist","6.767999877929688","25","2400","MIA@CHC","CHC","MIA","","","","","1"
"35186-80459","OF","Franchy","Franchy Cordero","Cordero","5.100000169542101","9","2400","NYM@SDP","SDP","NYM","IL","Elbow","","",""
"35186-16981","C","Yan","Yan Gomes","Gomes","7.182608562967052","23","2400","WAS@MIL","WAS","MIL","","","","",""
"35186-38561","OF","Chris","Chris Taylor","Taylor","5.7971426827566965","35","2400","ATL@LOS","LOS","ATL","","","","",""
"35186-38571","3B","Travis","Travis Shaw","Shaw","6.176470588235294","34","2400","WAS@MIL","MIL","WAS","","","","","5"
"35186-5904","1B","Chris","Chris Davis","Davis","6.181481255425347","27","2400","BOS@BAL","BAL","BOS","","","","","7"
"35186-70435","OF","Ben","Ben Gamel","Gamel","5.793749809265137","32","2400","WAS@MIL","MIL","WAS","","","","","1"
"35186-68499","OF","Johan","Johan Camargo","Camargo","6.022222448278357","27","2400","ATL@LOS","ATL","LOS","","","","",""
"35186-52161","3B","Rio","Rio Ruiz","Ruiz","6.306250095367432","32","2400","BOS@BAL","BAL","BOS","","","","","5"
"35186-68627","1B","Tyler","Tyler White","White","5.7894736842105265","19","2300","KAN@HOU","HOU","KAN","","","","",""
"35186-54401","OF","Manuel","Manuel Margot","Margot","5.75","32","2300","NYM@SDP","SDP","NYM","","","","",""
"35186-6276","1B","Neil","Neil Walker","Walker","5.9258063531691025","31","2300","MIA@CHC","MIA","CHC","","","","",""
"35186-21637","OF","Jackie","Jackie Bradley Jr.","Bradley Jr.","5.210345038052263","29","2300","BOS@BAL","BOS","BAL","","","","","9"
"35186-13501","OF","Chris","Chris Owings","Owings","5.793548583984375","31","2300","KAN@HOU","KAN","HOU","","","","","0"
"35186-5399","3B","Martin","Martin Prado","Prado","6.107692425067608","26","2300","MIA@CHC","MIA","CHC","","","","",""
"35186-62780","SS","Wilmer","Wilmer Difo","Difo","5.868965412008351","29","2300","WAS@MIL","WAS","MIL","","","","",""
"35186-38247","2B","Hanser","Hanser Alberto","Alberto","5.324000244140625","25","2300","BOS@BAL","BAL","BOS","","","","","0"
"35186-13694","3B","Marwin","Marwin Gonzalez","Gonzalez","5.978571210588727","28","2300","MIN@TOR","MIN","TOR","","","","","6"
"35186-21890","SS","Orlando","Orlando Arcia","Arcia","6.8371429443359375","35","2300","WAS@MIL","MIL","WAS","","","","","8"
"35186-38276","OF","Albert","Albert Almora Jr.","Almora Jr.","5.56206907075027","29","2300","MIA@CHC","CHC","MIA","","","","","0"
"35186-101842","2B","Ty","Ty France","France","5.279999923706055","10","2300","NYM@SDP","SDP","NYM","","","","",""
"35186-52878","OF","Billy","Billy McKinney","McKinney","5.953571319580078","28","2300","MIN@TOR","TOR","MIN","","","","","0"
"35186-17145","SS","Greg","Greg Garcia","Garcia","4.495454614812678","22","2300","NYM@SDP","SDP","NYM","","","","",""
"35186-53007","3B","Daniel","Daniel Robertson","Robertson","6.350000108991351","28","2300","ARI@TAM","TAM","ARI","","","","","9"
"35186-38955","OF","Joey","Joey Rickard","Rickard","5.681250095367432","32","2200","BOS@BAL","BAL","BOS","","","","","0"
"35186-37983","C","Mike","Mike Zunino","Zunino","7.960869830587636","23","2200","ARI@TAM","TAM","ARI","","","","","8"
"35186-38004","C","Austin","Austin Hedges","Hedges","7.086363358931108","22","2200","NYM@SDP","SDP","NYM","","","","",""
"35186-12505","2B","Eduardo","Eduardo Nunez","Nunez","5.473684210526316","19","2200","BOS@BAL","BOS","BAL","","","","","8"
"35186-60655","SS","Willy","Willy Adames","Adames","6.806666564941406","30","2200","ARI@TAM","TAM","ARI","","","","","0"
"35186-85320","C","Michael","Michael Perez","Perez","6.146666463216146","15","2200","ARI@TAM","TAM","ARI","","","","","0"
"35186-5532","1B","Steve","Steve Pearce","Pearce","3.706249952316284","16","2200","BOS@BAL","BOS","BAL","","","","","7"
"35186-13892","2B","Hernan","Hernan Perez","Perez","5.815999755859375","25","2200","WAS@MIL","MIL","WAS","","","","","0"
"35186-82655","C","Danny","Danny Jansen","Jansen","4.392307574932392","26","2200","MIN@TOR","TOR","MIN","","","","","9"
"35186-13034","SS","Charlie","Charlie Culberson","Culberson","4.561111026340061","18","2200","ATL@LOS","ATL","LOS","","","","",""
"35186-13060","SS","Adeiny","Adeiny Hechavarria","Hechavarria","7.599999904632568","2","2200","NYM@SDP","NYM","SDP","","","","",""
"35186-68481","OF","Roman","Roman Quinn","Quinn","3.1000001089913503","7","2200","PHI@STL","PHI","STL","IL","Groin","","",""
"35186-101276","3B","Jon","Jon Berti","Berti","5.183333396911621","12","2200","MIA@CHC","MIA","CHC","","","","",""
"35186-13253","C","Martin","Martin Maldonado","Maldonado","5.351851851851852","27","2200","KAN@HOU","KAN","HOU","","","","","8"
"35186-52170","1B","Dominic","Dominic Smith","Smith","3.2206897077889276","29","2200","NYM@SDP","NYM","SDP","","","","",""
"35186-13422","OF","Jake","Jake Marisnick","Marisnick","5.5625","24","2100","KAN@HOU","HOU","KAN","","","","",""
"35186-5265","C","Matt","Matt Wieters","Wieters","4.15","10","2100","PHI@STL","STL","PHI","","","","",""
"35186-13535","SS","Ehire","Ehire Adrianza","Adrianza","4.25","16","2100","MIN@TOR","MIN","TOR","","","","","0"
"35186-12516","1B","Lucas","Lucas Duda","Duda","6.088888804117839","18","2100","KAN@HOU","KAN","HOU","IL","Back","","","0"
"35186-13593","OF","Keon","Keon Broxton","Broxton","2.9642857142857144","28","2100","NYM@SDP","NYM","SDP","","","","",""
"35186-79205","SS","Yairo","Yairo Munoz","Munoz","2.353846183189979","13","2100","PHI@STL","STL","PHI","","","","",""
"35186-79212","C","Andrew","Andrew Knapp","Knapp","2.6888889736599393","18","2100","PHI@STL","PHI","STL","","","","",""
"35186-85477","OF","Isaac","Isaac Galloway","Galloway","3.9","15","2100","MIA@CHC","MIA","CHC","","","","",""
"35186-38595","C","Blake","Blake Swihart","Swihart","5.4000000726609","21","2100","ARI@TAM","ARI","TAM","","","","","0"
"35186-6005","OF","Matt","Matt Joyce","Joyce","3.9720001220703125","25","2100","ATL@LOS","ATL","LOS","","","","",""
"35186-13201","C","Jesus","Jesus Sucre","Sucre","3.814285641624814","21","2100","BOS@BAL","BAL","BOS","","","","","0"
"35186-68547","OF","Tyler","Tyler O'Neill","O'Neill","3.5619049072265625","21","2100","PHI@STL","STL","PHI","","","","",""
"35186-80836","SS","Tzu-Wei","Tzu-Wei Lin","Lin","3.315384498009315","13","2100","BOS@BAL","BOS","BAL","IL","Knee","","","0"
"35186-80852","2B","Ildemaro","Ildemaro Vargas","Vargas","3.972727342085405","22","2100","ARI@TAM","ARI","TAM","","","","","9"
"35186-52193","OF","Nick","Nick Williams","Williams","2.4499999455043246","28","2100","PHI@STL","PHI","STL","","","","",""
"35186-79884","OF","Anthony","Anthony Santander","Santander","27.899999618530273","1","2000","BOS@BAL","BAL","BOS","","","","","0"
"35186-81951","C","Taylor","Taylor Davis","Davis","8.850000381469727","4","2000","MIA@CHC","CHC","MIA","","","","","0"
"35186-38952","OF","Alex","Alex Dickerson","Dickerson","1","3","2000","NYM@SDP","SDP","NYM","","","","",""
"35186-58431","OF","Terrance","Terrance Gore","Gore","5.913333129882813","15","2000","KAN@HOU","KAN","HOU","","","","","0"
"35186-13394","SS","Tyler","Tyler Saladino","Saladino","0","2","2000","WAS@MIL","MIL","WAS","","","","","0"
"35186-82021","C","Tomas","Tomas Nido","Nido","3.25","6","2000","NYM@SDP","NYM","SDP","","","","",""
"35186-21618","C","Rocky","Rocky Gale","Gale","2.299999952316284","4","2000","ATL@LOS","LOS","ATL","","","","",""
"35186-13436","C","Max","Max Stassi","Stassi","4.236363497647372","11","2000","KAN@HOU","HOU","KAN","","","","",""
"35186-81046","OF","Garrett","Garrett Cooper","Cooper","0.75","4","2000","MIA@CHC","MIA","CHC","IL","Hand","","",""
"35186-13473","C","Caleb","Caleb Joseph","Joseph","2.822222179836697","9","2000","ARI@TAM","ARI","TAM","","","","","0"
"35186-13520","SS","Phil","Phil Gosselin","Gosselin","5.033333460489909","12","2000","PHI@STL","PHI","STL","","","","",""
"35186-83164","OF","Jake","Jake Cave","Cave","3.5500000544956754","14","2000","MIN@TOR","MIN","TOR","","","","","0"
"35186-60649","OF","Alex","Alex Jackson","Jackson","1","3","2000","ATL@LOS","ATL","LOS","","","","",""
"35186-60652","3B","Christian","Christian Arroyo","Arroyo","3.1666666666666665","6","2000","ARI@TAM","TAM","ARI","","","","","0"
"35186-5366","2B","Dustin","Dustin Pedroia","Pedroia","2.616666634877523","6","2000","BOS@BAL","BOS","BAL","IL","Knee","","","0"
"35186-83191","C","Austin","Austin Wynns","Wynns","1","3","2000","BOS@BAL","BAL","BOS","","","","","0"
"35186-38136","SS","Addison","Addison Russell","Russell","6.756923264723557","130","2000","MIA@CHC","CHC","MIA","","","","","0"
"35186-85250","OF","Frank","Frank Schwindel","Schwindel","0.5","6","2000","KAN@HOU","KAN","HOU","","","","","0"
"35186-13575","2B","Jose","Jose Pirela","Pirela","0","2","2000","NYM@SDP","SDP","NYM","IL","Oblique","","",""
"35186-79113","C","Francisco","Francisco Mejia","Mejia","3.8176471485811123","17","2000","NYM@SDP","SDP","NYM","","","","",""
"35186-79127","OF","Derek","Derek Fisher","Fisher","0","2","2000","KAN@HOU","HOU","KAN","","","","",""
"35186-38196","1B","Jake","Jake Lamb","Lamb","6.840000152587891","5","2000","ARI@TAM","ARI","TAM","IL","Quadriceps","","","0"
"35186-21815","OF","Socrates","Socrates Brito","Brito","3.3333333333333335","15","2000","MIN@TOR","TOR","MIN","","","","","0"
"35186-79176","SS","JT","JT Riddle","Riddle","3.5399998982747394","15","2000","MIA@CHC","MIA","CHC","IL","Back","","",""
"35186-82251","OF","Tim","Tim Locastro","Locastro","5","11","2000","ARI@TAM","ARI","TAM","","","","","1"
"35186-38223","OF","Travis","Travis Jankowski","Jankowski","7.021367521367521","117","2000","NYM@SDP","SDP","NYM","IL","Wrist","","",""
"35186-79204","SS","Richie","Richie Martin","Martin","3.903448170629041","29","2000","BOS@BAL","BAL","BOS","","","","","9"
"35186-13685","2B","Brock","Brock Holt","Holt","2.5833333333333335","6","2000","BOS@BAL","BOS","BAL","IL","Shoulder","","","0"
"35186-79222","OF","Dylan","Dylan Cozens","Cozens","0","1","2000","PHI@STL","PHI","STL","","","","",""
"35186-79225","2B","Luis","Luis Urias","Urias","2.7636363289572974","11","2000","NYM@SDP","SDP","NYM","","","","",""
"35186-79236","OF","Drew","Drew Jackson","Jackson","1","3","2000","ATL@LOS","LOS","ATL","","","","",""
"35186-79271","SS","Richard","Richard Urena","Urena","4.400000138716265","11","2000","MIN@TOR","TOR","MIN","","","","","0"
"35186-79272","2B","Lourdes","Lourdes Gurriel Jr.","Gurriel Jr.","6.3000001173753","13","2000","MIN@TOR","TOR","MIN","","","","","0"
"35186-79279","OF","Andrew","Andrew Stevenson","Stevenson","3.450000047683716","8","2000","WAS@MIL","WAS","MIL","","","","",""
"35186-101820","1B","Matt","Matt Beaty","Beaty","3.1666666666666665","3","2000","ATL@LOS","LOS","ATL","","","","",""
"35186-84434","3B","Mitch","Mitch Walding","Walding","0","2","2000","PHI@STL","PHI","STL","","","","",""
"35186-101844","OF","Lane","Lane Thomas","Thomas","6.742857251848493","7","2000","PHI@STL","STL","PHI","","","","",""
"35186-96742","C","Nick","Nick Ciuffo","Ciuffo","0","1","2000","ARI@TAM","TAM","ARI","","","","","0"
"35186-52713","OF","Peter","Peter O'Brien","O'Brien","5.109090978449041","11","2000","MIA@CHC","MIA","CHC","","","","",""
"35186-96764","OF","Jonathan","Jonathan Davis","Davis","2.5799999237060547","20","2000","MIN@TOR","TOR","MIN","","","","","0"
"35186-38411","2B","Alen","Alen Hanson","Hanson","3.8333333333333335","18","2000","MIN@TOR","TOR","MIN","","","","","0"
"35186-101910","1B","Connor","Connor Joe","Joe","1.149999976158142","8","2000","ATL@LOS","LOS","ATL","","","","",""
"35186-72261","OF","Guillermo","Guillermo Heredia","Heredia","4.136842024953742","19","2000","ARI@TAM","TAM","ARI","","","","","0"
"35186-13900","3B","Jedd","Jedd Gyorko","Gyorko","1.8833334181043837","18","2000","PHI@STL","STL","PHI","","","","",""
"35186-53837","3B","Marco","Marco Hernandez","Hernandez","0","0","2000","BOS@BAL","BOS","BAL","","","","","0"
"35186-21074","OF","Michael A.","Michael A. Taylor","Taylor","2.426666768391927","15","2000","WAS@MIL","WAS","MIL","DTD","Wrist","","",""
"35186-13917","OF","Juan","Juan Lagares","Lagares","5.137931034482759","29","2000","NYM@SDP","NYM","SDP","","","","",""
"35186-82536","OF","Cedric","Cedric Mullins","Mullins","4.245454614812678","22","2000","BOS@BAL","BAL","BOS","","","","","0"
"35186-81570","C","Cam","Cam Gallagher","Gallagher","3.1454544067382812","11","2000","KAN@HOU","KAN","HOU","","","","","0"
"35186-54952","OF","Aaron","Aaron Altherr","Altherr","0.8590908917513761","22","2000","PHI@STL","PHI","STL","","","","",""
"35186-82616","SS","Luis","Luis Guillorme","Guillorme","1.9636363983154297","11","2000","NYM@SDP","NYM","SDP","","","","",""
"35186-38599","OF","Lewis","Lewis Brinson","Brinson","3.7703704833984375","27","2000","MIA@CHC","MIA","CHC","","","","",""
"35186-17105","C","Sandy","Sandy Leon","Leon","3.8222223917643228","9","2000","BOS@BAL","BOS","BAL","","","","","0"
"35186-82646","OF","Justin","Justin Williams","Williams","0","1","2000","PHI@STL","STL","PHI","IL","Hand","","",""
"35186-17151","OF","Dalton","Dalton Pompey","Pompey","1.8","5","2000","MIN@TOR","TOR","MIN","IL","Concussion","","","0"
"35186-52995","C","Luke","Luke Maile","Maile","3.7571427481515065","14","2000","MIN@TOR","TOR","MIN","","","","","0"
"35186-13099","C","Travis","Travis d'Arnaud","d'Arnaud","2.5399999618530273","10","2000","ATL@LOS","LOS","ATL","","","","",""
"35186-103217","3B","Jake","Jake Noll","Noll","3.2","5","2000","WAS@MIL","WAS","MIL","","","","",""
"35186-54080","OF","Austin","Austin Dean","Dean","10.09999974568685","6","2000","MIA@CHC","MIA","CHC","","","","",""
"35186-68471","OF","Tony","Tony Kemp","Kemp","5.522222306993273","18","2000","KAN@HOU","HOU","KAN","","","","",""
"35186-68496","1B","Sam","Sam Travis","Travis","3","2","2000","BOS@BAL","BOS","BAL","","","","","0"
"35186-13209","C","Manny","Manny Pina","Pina","2.4157895539936267","19","2000","WAS@MIL","MIL","WAS","","","","","0"
"35186-68509","OF","Mark","Mark Zagunis","Zagunis","2.968421132940995","19","2000","MIA@CHC","CHC","MIA","","","","","0"
"35186-52156","OF","Rosell","Rosell Herrera","Herrera","3.743333435058594","30","2000","MIA@CHC","MIA","CHC","","","","",""
"35186-68554","SS","Andrew","Andrew Velazquez","Velazquez","2.584615267240084","13","2000","ARI@TAM","TAM","ARI","","","","","0"
"35186-81869","C","Chad","Chad Wallach","Wallach","4.807143075125558","14","2000","MIA@CHC","MIA","CHC","","","","",""
"35186-13266","C","Salvador","Salvador Perez","Perez","9.390697863674903","129","2000","KAN@HOU","KAN","HOU","IL","Elbow","","","0"
"35186-38867","2B","Devon","Devon Travis","Travis","7.516504972883799","103","2000","MIN@TOR","TOR","MIN","IL","Knee","","","0"
"35186-80855","2B","Adrian","Adrian Sanchez","Sanchez","1","3","2000","WAS@MIL","WAS","MIL","","","","",""
"35186-81883","C","David","David Freitas","Freitas","9.699999809265137","1","2000","WAS@MIL","MIL","WAS","","","","","0"
"35186-79851","OF","Drew","Drew Robinson","Robinson","1.2399999618530273","5","2000","PHI@STL","STL","PHI","","","","",""
"35186-68594","OF","Anthony","Anthony Alford","Alford","0","1","2000","MIN@TOR","TOR","MIN","","","","","0"